-- phpMyAdmin SQL Dump
-- version 5.2.0
-- https://www.phpmyadmin.net/
--
-- Hôte : 127.0.0.1:3306
-- Généré le : jeu. 16 fév. 2023 à 17:59
-- Version du serveur : 8.0.31
-- Version de PHP : 8.0.26

SET SQL_MODE = "NO_AUTO_VALUE_ON_ZERO";
START TRANSACTION;
SET time_zone = "+00:00";


/*!40101 SET @OLD_CHARACTER_SET_CLIENT=@@CHARACTER_SET_CLIENT */;
/*!40101 SET @OLD_CHARACTER_SET_RESULTS=@@CHARACTER_SET_RESULTS */;
/*!40101 SET @OLD_COLLATION_CONNECTION=@@COLLATION_CONNECTION */;
/*!40101 SET NAMES utf8mb4 */;

--
-- Base de données : `cubedb`
--

-- --------------------------------------------------------

--
-- Structure de la table `article`
--

DROP TABLE IF EXISTS `article`;
CREATE TABLE IF NOT EXISTS `article` (
  `N_articles` int NOT NULL AUTO_INCREMENT,
  `Prix_achat_HT` decimal(15,2) DEFAULT NULL,
  `Prix_carton_TTC` decimal(15,2) DEFAULT NULL,
  `Prix_unitaire_TTC` decimal(15,2) DEFAULT NULL,
  `Disponibilite` varchar(50) DEFAULT NULL,
  `TVA` decimal(5,2) DEFAULT NULL,
  `Marge` decimal(4,2) DEFAULT NULL,
  `N_fournisseur` int NOT NULL,
  `N_description` int NOT NULL,
  `N_emplacement` int NOT NULL,
  PRIMARY KEY (`N_articles`),
  UNIQUE KEY `N_description` (`N_description`),
  KEY `N_fournisseur` (`N_fournisseur`),
  KEY `N_emplacement` (`N_emplacement`),
  KEY `idxN_article` (`N_articles`,`N_fournisseur`,`N_description`,`N_emplacement`)
) ENGINE=MyISAM AUTO_INCREMENT=73 DEFAULT CHARSET=utf8mb3;

--
-- Déchargement des données de la table `article`
--

INSERT INTO `article` (`N_articles`, `Prix_achat_HT`, `Prix_carton_TTC`, `Prix_unitaire_TTC`, `Disponibilite`, `TVA`, `Marge`, `N_fournisseur`, `N_description`, `N_emplacement`) VALUES
(1, '58.00', '73.00', '89.00', 'false', '42.00', '18.00', 1, 1, 1),
(2, '189.00', '20.00', '48.00', 'false', '4.00', '71.00', 1, 2, 2),
(3, '990.00', '30.00', '87.00', 'false', '43.00', '53.00', 4, 3, 3),
(4, '901.00', '19.00', '70.00', 'false', '99.00', '17.00', 3, 4, 4),
(5, '759.00', '90.00', '71.00', 'false', '18.00', '6.00', 2, 5, 5),
(6, '45.00', '4.00', '21.00', 'false', '91.00', '72.00', 3, 6, 6),
(7, '3.00', '100.00', '38.00', 'false', '71.00', '84.00', 2, 7, 7),
(8, '451.00', '28.00', '85.00', 'true', '57.00', '36.00', 3, 8, 8),
(9, '622.00', '45.00', '70.00', 'false', '77.00', '95.00', 3, 9, 9),
(10, '344.00', '51.00', '57.00', 'false', '36.00', '27.00', 3, 10, 10),
(11, '83.00', '41.00', '43.00', 'false', '14.00', '99.00', 3, 11, 11),
(12, '968.00', '88.00', '23.00', 'true', '14.00', '45.00', 2, 12, 12),
(13, '447.00', '84.00', '54.00', 'false', '70.00', '90.00', 2, 13, 13),
(14, '718.00', '45.00', '12.00', 'false', '88.00', '24.00', 4, 14, 14),
(15, '664.00', '49.00', '9.00', 'false', '34.00', '30.00', 1, 15, 15),
(16, '753.00', '25.00', '48.00', 'true', '83.00', '6.00', 4, 16, 16),
(17, '246.00', '82.00', '58.00', 'false', '60.00', '31.00', 3, 17, 17),
(18, '70.00', '46.00', '96.00', 'false', '34.00', '93.00', 4, 18, 18),
(19, '11.00', '40.00', '77.00', 'true', '93.00', '48.00', 2, 19, 19),
(20, '135.00', '54.00', '59.00', 'false', '66.00', '51.00', 1, 20, 20),
(21, '182.00', '74.00', '80.00', 'false', '17.00', '17.00', 1, 21, 21),
(22, '411.00', '15.00', '63.00', 'false', '2.00', '44.00', 1, 22, 22),
(23, '848.00', '100.00', '13.00', 'true', '83.00', '81.00', 3, 23, 23),
(24, '592.00', '77.00', '2.00', 'false', '72.00', '32.00', 3, 24, 24),
(25, '296.00', '27.00', '78.00', 'false', '75.00', '44.00', 3, 25, 25),
(26, '266.00', '3.00', '23.00', 'false', '97.00', '25.00', 3, 26, 26),
(27, '838.00', '93.00', '22.00', 'false', '40.00', '49.00', 2, 27, 27),
(28, '34.00', '82.00', '40.00', 'false', '100.00', '36.00', 2, 28, 28),
(29, '999.00', '9.00', '75.00', 'false', '31.00', '88.00', 4, 29, 29),
(30, '241.00', '74.00', '6.00', 'false', '72.00', '42.00', 4, 30, 30),
(31, '715.00', '96.00', '74.00', 'false', '23.00', '64.00', 3, 31, 31),
(32, '522.00', '32.00', '48.00', 'true', '81.00', '40.00', 2, 32, 32),
(33, '696.00', '37.00', '31.00', 'false', '40.00', '11.00', 4, 33, 33),
(34, '844.00', '47.00', '12.00', 'false', '35.00', '44.00', 4, 34, 34),
(35, '616.00', '5.00', '94.00', 'false', '25.00', '3.00', 2, 35, 35),
(36, '146.00', '19.00', '21.00', 'false', '98.00', '18.00', 1, 36, 36),
(37, '149.00', '11.00', '70.00', 'false', '41.00', '41.00', 3, 37, 37),
(38, '448.00', '94.00', '64.00', 'true', '28.00', '38.00', 3, 38, 38),
(39, '63.00', '49.00', '2.00', 'false', '65.00', '34.00', 3, 39, 39),
(40, '586.00', '85.00', '73.00', 'false', '94.00', '35.00', 2, 40, 40),
(41, '925.00', '93.00', '76.00', 'false', '27.00', '87.00', 2, 41, 41),
(42, '38.00', '92.00', '57.00', 'false', '88.00', '49.00', 2, 42, 42),
(43, '840.00', '26.00', '27.00', 'false', '5.00', '41.00', 2, 43, 43),
(44, '766.00', '97.00', '62.00', 'false', '66.00', '61.00', 3, 44, 44),
(45, '969.00', '31.00', '42.00', 'false', '40.00', '49.00', 3, 45, 45),
(46, '432.00', '95.00', '89.00', 'false', '94.00', '14.00', 2, 46, 46),
(47, '931.00', '33.00', '84.00', 'false', '30.00', '72.00', 3, 47, 47),
(48, '426.00', '57.00', '86.00', 'true', '78.00', '71.00', 2, 48, 48),
(49, '572.00', '47.00', '17.00', 'false', '74.00', '3.00', 1, 49, 49),
(50, '152.00', '36.00', '83.00', 'false', '9.00', '9.00', 1, 50, 50),
(51, '406.00', '61.00', '22.00', 'false', '19.00', '63.00', 4, 51, 51),
(52, '968.00', '26.00', '49.00', 'false', '56.00', '14.00', 1, 52, 52),
(67, '50.00', '300.00', '60.00', 'true', '20.00', '30.00', 3, 102, 76),
(68, '100.00', '600.00', '120.00', 'true', '20.00', '30.00', 4, 106, 80),
(72, '50.00', '300.00', '60.00', 'true', '20.00', '30.00', 3, 110, 84);

-- --------------------------------------------------------

--
-- Structure de la table `client`
--

DROP TABLE IF EXISTS `client`;
CREATE TABLE IF NOT EXISTS `client` (
  `N_clients` int NOT NULL AUTO_INCREMENT,
  `Nom` varchar(25) DEFAULT NULL,
  `Prenom` varchar(25) DEFAULT NULL,
  `Mail` varchar(50) DEFAULT NULL,
  `Mots_de_passe` varchar(40) DEFAULT NULL,
  `Adresse` varchar(120) DEFAULT NULL,
  PRIMARY KEY (`N_clients`)
) ENGINE=MyISAM AUTO_INCREMENT=129 DEFAULT CHARSET=utf8mb3;

--
-- Déchargement des données de la table `client`
--

INSERT INTO `client` (`N_clients`, `Nom`, `Prenom`, `Mail`, `Mots_de_passe`, `Adresse`) VALUES
(1, 'Gérant', 'Negosud', 'gerant@negosud.com', 'litez4sBBAgN63t', 'Gascogne'),
(2, 'Larissa', 'Feeney', 'Gwen88@yahoo.com', '4qhUvj_FnCMWszj', 'adresse 2'),
(3, 'Makenzie', 'Douglas', 'Krystal.Osinski20@gmail.com', '27QS2AOfQnBp9ga', 'adresse 3'),
(4, 'Belle', 'Keeling', 'Elody.Lind@yahoo.com', 'gUG5lVIX_LBBxVd', 'adresse 4'),
(5, 'Alana', 'Cremin', 'Samir.Cummings@yahoo.com', '7aC4ExiR01B5Nfw', 'adresse 5'),
(6, 'Elroy', 'Hettinger', 'Jamil_Collins94@yahoo.com', 'TS1T6bDHSN3FmVW', 'adresse 6'),
(7, 'Laurel', 'Effertz', 'Kaycee_Lemke29@gmail.com', 'ytUyajtML1pbHPh', 'adresse 7'),
(8, 'Rosario', 'Abbott', 'Ray.Luettgen89@hotmail.com', 'Te2bhVA1Hci7n2o', 'adresse 8'),
(9, 'Brendan', 'Bednar', 'Matilde77@hotmail.com', 'qqX8XZ5mq7xa0uq', 'adresse 9'),
(10, 'Rossie', 'Jacobson', 'Eladio64@yahoo.com', 'iObRZ_6pbty767m', 'adresse 10'),
(11, 'Rogelio', 'Bailey', 'Arlie51@hotmail.com', 'KNE8GiahebExuVq', 'adresse 11'),
(103, 'Avec', 'OuiOui', 'SonBeauTaxi', 'OuiVaYOuiOui', 'PouetPouetPouetPouet'),
(13, 'Perry', 'Feeney', 'Alycia.Collier99@yahoo.com', 'Pr5g729jpNhgcyK', 'adresse 13'),
(14, 'Lemuel', 'Ziemann', 'Virginie70@yahoo.com', 'OBFTywD_KfgCCFg', 'adresse 14'),
(15, 'Ebba', 'Buckridge', 'Vergie15@gmail.com', 'vloQR6a1tpUVgho', 'adresse 15'),
(16, 'Lacey', 'Waters', 'Jacques40@hotmail.com', 'OvNxl1YMmKzLOr9', 'adresse 16'),
(17, 'Evie', 'Gibson', 'Jeffery98@hotmail.com', '9vlgpgnuQJTae5i', 'adresse 17'),
(18, 'Erick', 'Trantow', 'Hadley.Mohr@gmail.com', 'EzeU_JKCHfNK2af', 'adresse 18'),
(19, 'Cydney', 'Schmitt', 'Hannah.Hartmann58@hotmail.com', 'Xlrw7qDLHYDdXDt', 'adresse 19'),
(20, 'Liliana', 'Metz', 'Brandi.Bartoletti@yahoo.com', 'tbv_LuXpAVuqIEa', 'adresse 20'),
(21, 'Anibal', 'Hills', 'Adeline_Gutkowski@gmail.com', 'MeR7Mq_olx2bGQP', 'adresse 21'),
(22, 'Ashtyn', 'Gleason', 'Grayce.Altenwerth@gmail.com', 'VPq49YsEIJpbqCw', 'adresse 22'),
(23, 'Hershel', 'Hodkiewicz', 'Colt.Becker95@gmail.com', 'QaKWgcFtmLiAEYM', 'adresse 23'),
(24, 'Laurianne', 'Mohr', 'Kim87@hotmail.com', 'a1bGYVODKoWzMxD', 'adresse 24'),
(25, 'Harley', 'Little', 'Marjory_Hahn@gmail.com', '0k1hY7275Cj_oqi', 'adresse 25'),
(26, 'Leda', 'Kutch', 'Julio_Strosin2@yahoo.com', 'MP9BYR31XmJn7ii', 'adresse 26'),
(27, 'Karlie', 'Bednar', 'Minerva.Weber@gmail.com', '74OjcjRr6XZZWdr', 'adresse 27'),
(28, 'Winston', 'Raynor', 'Spencer_Hahn52@hotmail.com', 'VzOV3EXgMfqVraA', 'adresse 28'),
(29, 'Adan', 'Sanford', 'Evalyn.Labadie57@gmail.com', 'w9YYZRVTCBfC9ka', 'adresse 29'),
(30, 'Ellsworth', 'Nicolas', 'Harmony_Rohan38@yahoo.com', 'pEcjlZ2e4hzCixO', 'adresse 30'),
(31, 'Ernest', 'Casper', 'Modesta_Ortiz95@hotmail.com', 'AeXhdZ_1nt8PJN2', 'adresse 31'),
(32, 'Christelle', 'Schulist', 'Santa75@gmail.com', '23KCAiqdOFOCf_S', 'adresse 32'),
(33, 'Clara', 'West', 'Clark24@gmail.com', 'vnbqej5phRozq2w', 'adresse 33'),
(34, 'Chelsey', 'Schinner', 'Nellie_Bechtelar@hotmail.com', 'Z0ZSNf0Q1rIClMS', 'adresse 34'),
(35, 'Leon', 'Thompson', 'Barton.Bergstrom@gmail.com', 'hBZLhXRGjGx1ZV2', 'adresse 35'),
(36, 'Violette', 'Ledner', 'Aaron.Skiles@gmail.com', 'qNdKRhLr74zvLI8', 'adresse 36'),
(37, 'Vivien', 'Legros', 'Johann_Kessler23@gmail.com', 'ELEX2apWx7zZTsA', 'adresse 37'),
(38, 'Rachelle', 'Cartwright', 'Herbert21@hotmail.com', 'miZ7YC8YX_PMP6S', 'adresse 38'),
(39, 'Carrie', 'Wilderman', 'Lois_Kuvalis@gmail.com', 'OTKgs8Gr2pDEnO6', 'adresse 39'),
(40, 'Presley', 'Stoltenberg', 'Jared_Wiza@hotmail.com', 'Bul_uAPRky7QBLr', 'adresse 40'),
(41, 'Shanie', 'Schoen', 'Daphnee86@yahoo.com', 'PZ4PjjgTvdb6W8B', 'adresse 41'),
(42, 'Alyson', 'Brown', 'Dashawn18@gmail.com', 'UfrZJGTDcL2qO0e', 'adresse 42'),
(43, 'Afton', 'Wolf', 'Heath_Quigley@yahoo.com', 'gWOC1DKnM2GZHZU', 'adresse 43'),
(44, 'Cortez', 'Bartell', 'Samanta_Price@hotmail.com', 'Y4Me_tzo4V_Yze9', 'adresse 44'),
(45, 'Landen', 'Murray', 'Joelle.White@yahoo.com', 'AlKMl6McVQN2ZUg', 'adresse 45'),
(46, 'Porter', 'Friesen', 'Izaiah_Gibson@gmail.com', 'HQEQiY2W_Z5EroS', 'adresse 46'),
(47, 'Bertha', 'Daugherty', 'Green5@yahoo.com', 'pQ5eXt8lAHC9FvM', 'adresse 47'),
(48, 'Misty', 'Cassin', 'Margarett71@hotmail.com', 'i8Sub_EgLRRLXSg', 'adresse 48'),
(49, 'Aimee', 'Kassulke', 'Annabel35@hotmail.com', '3wNafIy_pjGCa1F', 'adresse 49'),
(50, 'Jalon', 'Anderson', 'Terrence_White12@gmail.com', 'QSVGGTER6XuOC7W', 'adresse 50'),
(51, 'Hal', 'Leuschke', 'Wiley.Stracke33@gmail.com', 'uUU4szP40z_kyvg', 'adresse 51'),
(52, 'Beryl', 'Hartmann', 'Johnathan57@yahoo.com', 'AiBCfHiACP3RgyM', 'adresse 52'),
(53, 'Gerda', 'Batz', 'Candace34@hotmail.com', 'YPg6y91cDZcUr2I', 'adresse 53'),
(54, 'Estell', 'Bergnaum', 'Mercedes.Abbott62@hotmail.com', 'ZXuxEDFPbl5ct53', 'adresse 54'),
(55, 'Germaine', 'Johns', 'Josue24@gmail.com', 'LqNgx8w5Hqu6U9S', 'adresse 55'),
(56, 'Odie', 'McKenzie', 'Gracie41@hotmail.com', 'fMFCKsltGwjG1lh', 'adresse 56'),
(57, 'Stacey', 'Kuhic', 'Aisha64@yahoo.com', 'lnxV7bDY_fVoog2', 'adresse 57'),
(58, 'Maybelle', 'Hoeger', 'Una74@hotmail.com', 'jNJGCu_E2hfA4vc', 'adresse 58'),
(59, 'Nat', 'Streich', 'Columbus.Borer8@gmail.com', 'eKRsdJxvK3EnHpl', 'adresse 59'),
(60, 'Justen', 'Price', 'Westley_Kozey@gmail.com', 'zpmGAASmIiS7VPD', 'adresse 60'),
(61, 'Hazle', 'Schuppe', 'Jessica17@gmail.com', 'd03gDBkF9jX5zoX', 'adresse 61'),
(62, 'Irma', 'Shields', 'Shaniya70@hotmail.com', 'HkxXI4ug0Ae3INS', 'adresse 62'),
(63, 'Harvey', 'Luettgen', 'Myrtis.Franecki41@gmail.com', '6_Yr4a2DlfSLool', 'adresse 63'),
(64, 'Johanna', 'Crona', 'Margie16@gmail.com', 'Bhrl59spbwMRowk', 'adresse 64'),
(65, 'Hugh', 'Morissette', 'Jovan.Muller@hotmail.com', '_2j3mCjx0sWJ0e2', 'adresse 65'),
(66, 'Beryl', 'Morissette', 'Damaris_Mraz@yahoo.com', 'STAXzSZYWfLSezX', 'adresse 66'),
(67, 'Zachery', 'Cruickshank', 'Jennifer.Treutel@gmail.com', '7P4M6DI_1Ev8leQ', 'adresse 67'),
(68, 'Dina', 'Boyer', 'Agnes_Langworth66@yahoo.com', 'HjB6ReKkqrDmDZi', 'adresse 68'),
(69, 'Lloyd', 'Harber', 'Sven_Schiller50@yahoo.com', 'P3IJ37oaWXWLzlt', 'adresse 69'),
(70, 'Willard', 'Robel', 'Russel.Zemlak@hotmail.com', 'sUkYZj8tF80ZnEI', 'adresse 70'),
(71, 'Reinhold', 'Witting', 'Mose_Harris42@hotmail.com', 'BResu4WK39dB1FZ', 'adresse 71'),
(72, 'Israel', 'Keeling', 'Anthony_Kautzer17@hotmail.com', 'HolmnLtUmR2DHo8', 'adresse 72'),
(73, 'Alexander', 'Herzog', 'Mohammad41@yahoo.com', 'BB18keAxtSPIsOC', 'adresse 73'),
(74, 'Lowell', 'Price', 'Stephania_Parisian@yahoo.com', 'a3naFVAL_DsIbja', 'adresse 74'),
(75, 'Rory', 'McClure', 'Bud.Rowe@hotmail.com', 'x3mTlj1cYnbcre_', 'adresse 75'),
(76, 'Keshawn', 'Moore', 'Wilhelmine88@yahoo.com', 'vKatN6N8sUJvMSL', 'adresse 76'),
(77, 'Oceane', 'Gutmann', 'Kiera10@yahoo.com', 'pepZ2QNUXl8_wCV', 'adresse 77'),
(78, 'Garnet', 'Blick', 'Rebeka31@hotmail.com', 'RjaSZMNQ8f_wOL8', 'adresse 78'),
(79, 'Justina', 'Effertz', 'Cleo.Lynch@hotmail.com', '2YZZaaq2GS9JyDn', 'adresse 79'),
(80, 'Caterina', 'Bartoletti', 'Precious.Boyle88@gmail.com', 'otNnOM1Z5eTxI7H', 'adresse 80'),
(81, 'Tyrique', 'Wisoky', 'Lukas57@hotmail.com', 'zLFxHwx2_p1XYui', 'adresse 81'),
(82, 'Casey', 'Okuneva', 'Nicolette_Bosco@gmail.com', '3biVu13gm9cKitg', 'adresse 82'),
(83, 'Christopher', 'Bernhard', 'Magnus.Kautzer@gmail.com', '3YrJd0ECP7i51Qq', 'adresse 83'),
(84, 'Barney', 'Kirlin', 'Emma.Borer@gmail.com', 'HOJ5rKlJNcAi2Nr', 'adresse 84'),
(85, 'Amely', 'Mills', 'Leda.Pfannerstill21@hotmail.com', 'PnUIo6MiZ83WL0t', 'adresse 85'),
(86, 'Nora', 'Osinski', 'Percy48@hotmail.com', 'J7gTIueorMavyxQ', 'adresse 86'),
(87, 'Madison', 'Murazik', 'Teresa16@yahoo.com', 'QhY2NjqasI2RQTl', 'adresse 87'),
(88, 'Archibald', 'Strosin', 'Craig_Halvorson@hotmail.com', 'Zggu8mfupVq67Oz', 'adresse 88'),
(89, 'Casimir', 'Stehr', 'Esta.Kling75@gmail.com', 'jIFj7iiRy_M43XG', 'adresse 89'),
(90, 'Griffin', 'Kiehn', 'Casandra.Shanahan55@gmail.com', 'Qosk79N1swWM5hE', 'adresse 90'),
(91, 'Tierra', 'Abshire', 'Robyn.Cummings@gmail.com', '1hBcCcbpMhjV6Xd', 'adresse 91'),
(92, 'Keyshawn', 'Beatty', 'Emmitt.Lowe@hotmail.com', 'IEJfm3p2vF70x3l', 'adresse 92'),
(93, 'Bria', 'Leffler', 'Cecilia.Hintz@yahoo.com', 'm7tFC0CEkuqN7_B', 'adresse 93'),
(94, 'Kyra', 'DuBuque', 'Nikki.Gislason70@hotmail.com', 'qkknE0qFYxZZl4j', 'adresse 94'),
(95, 'Judson', 'Turcotte', 'Tito.Gleason@gmail.com', 'R2A2xnYL4kdvSIy', 'adresse 95'),
(96, 'Jaron', 'Cartwright', 'Josianne.Murphy81@hotmail.com', 'd7BjF6wRaFkTIzv', 'adresse 96'),
(97, 'Myriam', 'Hermann', 'Samara_Crooks71@yahoo.com', 'j_v331aZ9XNhklK', 'adresse 97'),
(98, 'Brittany', 'Swift', 'Hillary34@gmail.com', 'KspNyFfcFLhZ3yV', 'adresse 98'),
(99, 'Princess', 'Spinka', 'Connor_Stamm26@hotmail.com', 'QUfcJOJbtbkPu1T', 'adresse 99'),
(100, 'Evan', 'Kerluke', 'Lennie9@yahoo.com', 'smK9VMOGXSPX85x', 'adresse 100'),
(102, 'Lansonneur', 'David', 'dave@orange.fr', 'Root', '29400, Lampaul-Guimiliau'),
(105, 'Davis', 'Lansonneur', 'david@cesi.fr', 'root', 'Lampaul'),
(106, 'TONTONT', 'TOTO', 'Connor_Stamm26@hotmail.com', 'QUfcJOJbtbkPu1T', 'adresse 99'),
(108, 'TONTONT', 'TOTO', 'Connor_Stamm26@hotmail.com', 'QUfcJOJbtbkPu1T', 'adresse 99'),
(109, 'polo', 'marco', NULL, NULL, NULL),
(110, 'jeantoto', 'jean', 'd@gmail.com', 'QUfcJOJbtbkPu1T', 'france'),
(111, 'BERNARD', 'Jean-yves', 'd@gmail.com', 'QUfcJOJbtbkPu1T', 'FRANCEParis3 rue oto'),
(112, 'Totono', 'GErard', 'd@gmail.com', 'QUfcJOJbtbkPu1T', 'ITALIE,Florence,allée du midi'),
(113, 'Val-jean', 'Jean', 'd@gmail.com', 'QUfcJOJbtbkPu1T', 'FRANCE,Quiberon,5 rue victor hugo'),
(114, 'Mousquetaire', 'Albert', 'q@f.com', 'QUfcJOJbtbkPu1T', 'ESPAGNE,Lisbonne,rue des groseilles'),
(115, 'Lala', 'Albert', 'd@gmail.com', 'QUfcJOJbtbkPu1T', 'IRLANDE,Dublin,5 impasse du port'),
(116, 'Bubus', 'Albus', 'd@gmail.com', 'QUfcJOJbtbkPu1T', 'ECOSSE,Tourcoing,8 avenue des tempetes'),
(117, 'Adams', 'Freddy', 'd@gmail.com', 'QUfcJOJbtbkPu1T', 'FRANCE,Dijon,4 rue de la soif'),
(118, 'Tatata', 'Tototo', 'd@gmail.com', 'QUfcJOJbtbkPu1T', 'D,D,d'),
(119, 'Dza', 'Da', 'da@d.com', 'QUfcJOJbtbkPu1T', 'D,D,d'),
(120, 'Bobybo', 'Gerard', 'd@gmail.com', 'QUfcJOJbtbkPu1T', 'DAZ,Dza,dza'),
(121, 'Dzq', 'Dzqd', 'd@gmail.com', 'QUfcJOJbtbkPu1T', 'DZQ,Dzq,dzq'),
(122, 'D', 'D', 'd@gmail.com', 'QUfcJOJbtbkPu1T', 'D,D,d'),
(123, 'L', 'L', 'l@d.com', 'QUfcJOJbtbkPu1T', 'D,D,d'),
(124, 'Paul', 'Pierre', 'd@gmail.com', 'QUfcJOJbtbkPu1T', 'D,D,d'),
(125, 'D', 'J', 'd@gmail.com', 'QUfcJOJbtbkPu1T', 'D,D,d'),
(126, 'Nnn', 'Ppp', 'n.p@mail.com', 'QUfcJOJbtbkPu1T', 'FRANCE,Brest,3 rue test'),
(127, 'Z', 'Z', 'z@z.com', 'QUfcJOJbtbkPu1T', 'Z,Z,z'),
(128, 'Tata', 'Toto', 'toto@gmail.com', 'QUfcJOJbtbkPu1T', 'FRANCE,Brest,3 rue test');

-- --------------------------------------------------------

--
-- Structure de la table `commande`
--

DROP TABLE IF EXISTS `commande`;
CREATE TABLE IF NOT EXISTS `commande` (
  `N_commandes` int NOT NULL,
  `Adresse_de_livraison` varchar(120) DEFAULT NULL,
  `Date_reception` date DEFAULT NULL,
  `N_clients` int NOT NULL,
  PRIMARY KEY (`N_commandes`),
  KEY `N_clients` (`N_clients`)
) ENGINE=MyISAM AUTO_INCREMENT=108 DEFAULT CHARSET=utf8mb3;

--
-- Déchargement des données de la table `commande`
--

INSERT INTO `commande` (`N_commandes`, `Adresse_de_livraison`, `Date_reception`, `N_clients`) VALUES
(57, '3006 Larson Motorway', '2024-12-19', 57),
(117, 'NEGOSUD, Gascogne', '2023-02-07', 1),
(58, '38200 Armani Ridge', '2011-10-30', 58),
(1, '1507 Cecelia Springs', '2026-02-18', 1),
(2, '66316 Carol Gardens', '2067-01-11', 2),
(3, '725 Howe Keys', '2099-07-12', 3),
(4, '3637 Hoeger Haven', '2043-03-13', 4),
(5, '769 Milan Common', '2029-07-14', 5),
(6, '583 Altenwerth Fords', '2096-03-15', 6),
(7, '222 Harber Expressway', '1996-03-13', 7),
(8, '42518 Cassin Village', '2031-03-01', 8),
(9, '7430 Candida Walks', '2090-12-04', 9),
(10, '12976 Cleveland Extension', '2000-12-31', 10),
(11, '299 Armani Haven', '2017-06-06', 11),
(12, '399 Salma Drives', '2080-08-30', 12),
(13, '39001 Lula Bypass', '1996-08-13', 13),
(14, '816 Malinda Garden', '1992-09-07', 14),
(16, '110 Feil Lights', '2049-03-10', 16),
(17, '55081 Devyn Expressway', '2002-03-02', 17),
(18, '6686 Gutmann Way', '1993-11-21', 18),
(19, '152 Steuber Village', '2031-07-06', 19),
(20, '18821 Layne Lane', '1994-07-31', 20),
(21, '5322 Zboncak Bridge', '2074-05-03', 21),
(22, '057 Lakin Spurs', '1997-05-28', 22),
(23, '516 Josh Spring', '2058-01-01', 23),
(24, '70822 Frida Burg', '2006-01-13', 24),
(25, '796 Moore Ports', '2003-05-10', 25),
(26, '3964 Taurean Knolls', '2079-01-15', 26),
(27, '3438 Cummings Islands', '2024-06-11', 27),
(28, '5829 Gislason Passage', '2006-01-29', 28),
(29, '3608 Hermann Common', '2087-01-03', 29),
(30, '663 Yost Extensions', '2007-01-11', 30),
(31, '2675 Ferry Knoll', '2098-02-26', 31),
(32, '0616 Leonor Court', '2085-07-10', 32),
(33, '3749 Clarissa Roads', '2081-09-02', 33),
(34, '5406 Purdy Field', '2006-09-27', 34),
(35, '06822 Carroll Row', '2049-01-11', 35),
(36, '54460 Stamm Isle', '1990-09-14', 36),
(37, '743 Cummerata Corner', '2071-01-30', 37),
(38, '645 Torrey Pines', '2051-05-18', 38),
(39, '3272 Waelchi Garden', '2080-01-26', 39),
(40, '9846 Haag Hollow', '2050-05-05', 40),
(41, '1336 Tanner Court', '2028-07-21', 41),
(42, '639 Yvonne Tunnel', '2095-03-05', 42),
(43, '82587 Wunsch Row', '2079-05-03', 43),
(44, '9640 Celine Highway', '2073-01-29', 44),
(45, '3430 Haley Coves', '2017-02-05', 45),
(46, '3893 Virgie Falls', '2092-06-16', 46),
(47, '595 Buckridge Walks', '2081-04-29', 47),
(48, '341 Herman Place', '2009-02-25', 48),
(49, '351 Brown Stream', '2049-11-21', 49),
(50, '3386 Sipes Cove', '2087-04-25', 50),
(51, '55888 Stiedemann Street', '1993-05-28', 51),
(52, '5680 Shields Forges', '2058-08-05', 52),
(53, '183 Talon Key', '2045-09-30', 53),
(54, '467 Oswald Green', '2075-03-03', 54),
(55, '1386 VonRueden Gateway', '2013-01-03', 55),
(56, '8077 Roscoe Courts', '2042-03-15', 56),
(59, '4784 Kuhic Turnpike', '2011-06-25', 59),
(60, '04378 Claire Mill', '2041-12-21', 60),
(61, '6029 Elliot Green', '2077-10-24', 61),
(62, '5544 Nannie Summit', '1990-10-18', 62),
(63, '015 Cecil Plains', '2072-03-13', 63),
(64, '9545 Lula Islands', '2039-09-11', 64),
(65, '784 Enrique Radial', '2077-09-17', 65),
(66, '340 Dickinson Vista', '2049-01-29', 66),
(67, '81807 Dach Lane', '2000-02-28', 67),
(68, '7156 Little Drive', '2052-10-18', 68),
(69, '739 Graham Street', '2041-10-18', 69),
(70, '128 Streich Crescent', '2037-03-26', 70),
(71, '5472 Mabel Courts', '2045-11-01', 71),
(72, '55462 Sanford Plain', '2051-10-28', 72),
(73, '6175 Anais Garden', '2049-07-23', 73),
(74, '989 Deja Ranch', '2045-07-24', 74),
(75, '98731 Douglas Island', '2084-04-21', 75),
(76, '1341 Hansen Trafficway', '2036-10-01', 76),
(77, '236 Adonis Forge', '2022-11-02', 77),
(78, '429 Orn Green', '2047-08-30', 78),
(79, '62650 Reynolds Stream', '2081-12-07', 79),
(80, '9629 Hauck Meadows', '2076-10-17', 80),
(81, '6910 Loyal Road', '2072-04-04', 81),
(82, '31338 Rowe Loop', '2024-03-09', 82),
(83, '7221 Rachael Gardens', '2065-11-01', 83),
(84, '11402 Cartwright Fort', '2068-05-09', 84),
(85, '0058 Cormier Centers', '2051-06-17', 85),
(86, '516 Harber Run', '2021-10-12', 86),
(87, '4821 Joanne Ramp', '2054-06-02', 87),
(88, '63613 Quitzon Avenue', '2039-07-27', 88),
(89, '0721 Moen Rue', '2065-05-17', 89),
(90, '264 Tiffany Gateway', '2080-08-31', 90),
(91, '151 Finn Square', '2003-04-30', 91),
(92, '4392 Zulauf Plain', '1990-10-05', 92),
(93, '34495 Trevion Ports', '2012-04-08', 93),
(94, '83916 Langosh Causeway', '2070-06-12', 94),
(95, '831 Salma Forest', '2037-07-11', 95),
(96, '1963 Doris Corners', '2002-06-03', 96),
(97, '270 Gerardo Circle', '1994-07-17', 97),
(98, '3514 Ritchie Wall', '2094-03-12', 98),
(99, '6345 Corbin Oval', '2067-11-03', 99),
(100, '1358 Walsh Bridge', '1993-09-21', 100),
(114, 'TEST', '2023-02-05', 15),
(113, 'TabarnakJvaisToutPeter', '2023-05-02', 15),
(112, 'ComprendRien', '2023-02-05', 15),
(109, 'CESI OK', '2023-05-02', 15),
(108, 'CESI', '2023-02-05', 15),
(115, 'TestValid', '2023-05-02', 15),
(116, 'CESI GUIPAVAS OK', '2023-02-06', 15),
(120, 'NEGOSUD, Gascogne', '2023-02-15', 1),
(119, 'NEGOSUD, Gascogne', '2023-02-15', 1),
(118, 'NEGOSUD, Gascogne', '2023-02-14', 1),
(121, 'CESI', '2023-02-18', 15),
(123, 'ok', '2023-02-17', 15),
(125, 'test', '2023-02-17', 15),
(124, 'CESI', '2023-02-18', 15),
(126, 'CESI', '2023-02-18', 15),
(127, 'TEST', '2023-02-18', 18),
(128, 'CESI', '2023-02-18', 15),
(129, 'TEST', '2023-02-18', 15),
(130, 'test', '2023-02-18', 15),
(131, 'CESI', '2023-02-18', 15),
(132, 'NEGOSUD, Gascogne', '2023-02-18', 1),
(133, 'NEGOSUD, Gascogne', '2023-02-18', 1),
(134, '145, Pré-au-Lard', '2023-02-11', 1),
(135, '142, Pré-au-Lard', '2023-02-11', 1),
(137, '12 Pré-au-Lard', '2023-05-12', 2),
(136, '12 Pré-au-Lard', '2023-05-12', 2),
(138, '12 Pré-au-Lard', '2023-05-12', 2),
(139, 'IRLANDE,Dublin,5 impasse du port', '2023-02-22', 115),
(140, 'ECOSSE,Tourcoing,8 avenue des tempetes', '2023-02-22', 116),
(141, 'ECOSSE,Tourcoing,8 avenue des tempetes', '2023-02-22', 116),
(142, 'ECOSSE,Tourcoing,8 avenue des tempetes', '2023-02-22', 116),
(143, 'ECOSSE,Tourcoing,8 avenue des tempetes', '2023-02-22', 116),
(144, 'FRANCE,Dijon,4 rue de la soif', '2023-02-22', 117),
(145, 'D,D,d', '2023-02-22', 118),
(146, 'D,D,d', '2023-02-22', 118),
(147, 'D,D,d', '2023-02-22', 118),
(148, 'D,D,d', '2023-02-22', 118),
(149, 'D,D,d', '2023-02-22', 118),
(150, 'D,D,d', '2023-02-22', 119),
(151, 'D,D,d', '2023-02-22', 119),
(152, 'D,D,d', '2023-02-22', 119),
(153, 'DAZ,Dza,dza', '2023-02-22', 120),
(154, 'DZQ,Dzq,dzq', '2023-02-22', 121),
(155, 'D,D,d', '2023-02-22', 122),
(156, 'D,D,d', '2023-02-22', 122),
(157, 'D,D,d', '2023-02-22', 122),
(158, 'D,D,d', '2023-02-22', 122),
(159, 'D,D,d', '2023-02-22', 122),
(160, 'D,D,d', '2023-02-22', 122),
(161, 'D,D,d', '2023-02-22', 122),
(162, 'D,D,d', '2023-02-22', 122),
(163, 'D,D,d', '2023-02-22', 122),
(164, 'D,D,d', '2023-02-22', 122),
(165, 'D,D,d', '2023-02-22', 122),
(166, 'D,D,d', '2023-02-22', 123),
(167, 'D,D,d', '2023-02-22', 123),
(168, 'D,D,d', '2023-02-22', 122),
(169, 'D,D,d', '2023-02-22', 122),
(170, 'D,D,d', '2023-02-22', 122),
(171, 'D,D,d', '2023-02-22', 122),
(172, 'D,D,d', '2023-02-22', 124),
(173, 'D,D,d', '2023-02-22', 124),
(174, 'D,D,d', '2023-02-22', 124),
(175, 'D,D,d', '2023-02-22', 124),
(176, 'D,D,d', '2023-02-22', 124),
(177, 'D,D,d', '2023-02-22', 124),
(178, 'D,D,d', '2023-02-24', 125),
(179, 'FRANCE,Brest,3 rue test', '2023-02-24', 126),
(180, 'D,D,d', '2023-02-24', 122),
(181, 'Z,Z,z', '2023-02-24', 127),
(182, 'FRANCE,Brest,3 rue test', '2023-02-25', 128);

-- --------------------------------------------------------

--
-- Structure de la table `description`
--

DROP TABLE IF EXISTS `description`;
CREATE TABLE IF NOT EXISTS `description` (
  `N_description` int NOT NULL AUTO_INCREMENT,
  `Nom_article` varchar(100) DEFAULT NULL,
  `Description` varchar(650) DEFAULT NULL,
  `Annee` varchar(10) DEFAULT NULL,
  `Url_photo_un` varchar(450) DEFAULT NULL,
  `Url_photo_deux` varchar(450) DEFAULT NULL,
  `Url_photo_trois` varchar(450) DEFAULT NULL,
  `Type_article` varchar(50) DEFAULT NULL,
  PRIMARY KEY (`N_description`),
  KEY `idxN_description` (`N_description`)
) ENGINE=MyISAM AUTO_INCREMENT=111 DEFAULT CHARSET=utf8mb3;

--
-- Déchargement des données de la table `description`
--

INSERT INTO `description` (`N_description`, `Nom_article`, `Description`, `Annee`, `Url_photo_un`, `Url_photo_deux`, `Url_photo_trois`, `Type_article`) VALUES
(6, 'Licensed Wooden Pants', 'Quidem amet et quibusdam soluta mollitia consequatur quia.', '1975', 'http://loremflickr.com/640/480', 'http://loremflickr.com/640/480', 'http://loremflickr.com/640/480', 'Blanc'),
(5, 'Intelligent Metal Salad', 'Minima culpa dolorem placeat labore.', '1974', 'http://loremflickr.com/640/480', 'http://loremflickr.com/640/480', 'http://loremflickr.com/640/480', 'Blanc'),
(4, 'Gorgeous Soft Hat', 'Dolor similique qui et.', '1973', 'http://loremflickr.com/640/480', 'http://loremflickr.com/640/480', 'http://loremflickr.com/640/480', 'Blanc'),
(3, 'Ergonomic Fresh Shoes', 'Veritatis recusandae consequatur doloribus laudantium in libero.', '1972', 'http://loremflickr.com/640/480', 'http://loremflickr.com/640/480', 'http://loremflickr.com/640/480', 'Blanc'),
(2, 'Practical Granite Chair', 'Vel dignissimos sunt qui ratione perspiciatis.', '1971', 'http://loremflickr.com/640/480', 'http://loremflickr.com/640/480', 'http://loremflickr.com/640/480', 'Blanc'),
(1, 'Handmade Wooden Towels', 'Blanditiis veniam nisi natus aperiam perferendis quis neque.', '1974', 'http://loremflickr.com/640/480', 'http://loremflickr.com/640/480', 'http://loremflickr.com/640/480', 'Blanc'),
(7, 'Luxurious Metal Chips', 'Sed blanditiis sequi.', '1976', 'http://loremflickr.com/640/480', 'http://loremflickr.com/640/480', 'http://loremflickr.com/640/480', 'Blanc'),
(8, 'Recycled Concrete Keyboard', 'Nihil ratione tempore laborum beatae adipisci consequuntur sint.', '1977', 'http://loremflickr.com/640/480', 'http://loremflickr.com/640/480', 'http://loremflickr.com/640/480', 'Blanc'),
(9, 'Ergonomic Wooden Shirt', 'Vitae adipisci et ullam quisquam velit illo aliquid et.', '1978', 'http://loremflickr.com/640/480', 'http://loremflickr.com/640/480', 'http://loremflickr.com/640/480', 'Blanc'),
(10, 'oo la zoulie voiture', 'Eos suscipit quo.', '1979', 'http://loremflickr.com/640/480', 'http://loremflickr.com/640/480', 'http://loremflickr.com/640/480', 'Aston'),
(11, 'Gorgeous Soft Keyboard', 'Necessitatibus cupiditate autem.', '1980', 'http://loremflickr.com/640/480', 'http://loremflickr.com/640/480', 'http://loremflickr.com/640/480', 'Blanc'),
(12, 'Awesome Soft Hat', 'Soluta similique ratione placeat corporis qui vel ut pariatur et.', '1981', 'http://loremflickr.com/640/480', 'http://loremflickr.com/640/480', 'http://loremflickr.com/640/480', 'Blanc'),
(13, 'Intelligent Rubber Car', 'Eaque qui architecto ea in sapiente aut.', '1982', 'http://loremflickr.com/640/480', 'http://loremflickr.com/640/480', 'http://loremflickr.com/640/480', 'Blanc'),
(14, 'Recycled Bronze Pants', 'Aut esse voluptates et minima debitis doloremque.', '1983', 'http://loremflickr.com/640/480', 'http://loremflickr.com/640/480', 'http://loremflickr.com/640/480', 'Blanc'),
(15, 'Gorgeous Frozen Tuna', 'Corporis aperiam aut odit non minus saepe.', '1984', 'http://loremflickr.com/640/480', 'http://loremflickr.com/640/480', 'http://loremflickr.com/640/480', 'Blanc'),
(16, 'Practical Granite Mouse', 'Ut qui est rerum nemo perferendis soluta.', '1985', 'http://loremflickr.com/640/480', 'http://loremflickr.com/640/480', 'http://loremflickr.com/640/480', 'Rouge'),
(17, 'Licensed Bronze Salad', 'Animi asperiores eum.', '1986', 'http://loremflickr.com/640/480', 'http://loremflickr.com/640/480', 'http://loremflickr.com/640/480', 'Rouge'),
(18, 'Refined Cotton Towels', 'Omnis numquam nihil odio provident cupiditate voluptas tempora eos.', '1987', 'http://loremflickr.com/640/480', 'http://loremflickr.com/640/480', 'http://loremflickr.com/640/480', 'Rouge'),
(19, 'Ergonomic Granite Chair', 'Ea placeat et quis dicta non eligendi molestiae.', '1988', 'http://loremflickr.com/640/480', 'http://loremflickr.com/640/480', 'http://loremflickr.com/640/480', 'Rouge'),
(20, 'Unbranded Frozen Fish', 'Et est ducimus culpa dolor voluptas blanditiis quas occaecati.', '1989', 'http://loremflickr.com/640/480', 'http://loremflickr.com/640/480', 'http://loremflickr.com/640/480', 'Rouge'),
(21, 'Tasty Frozen Pizza', 'Ut nihil hic assumenda.', '1990', 'http://loremflickr.com/640/480', 'http://loremflickr.com/640/480', 'http://loremflickr.com/640/480', 'Rouge'),
(22, 'Fantastic Steel Shoes', 'Necessitatibus maxime consequuntur tenetur perferendis qui dolores et voluptas.', '1991', 'http://loremflickr.com/640/480', 'http://loremflickr.com/640/480', 'http://loremflickr.com/640/480', 'Rouge'),
(23, 'Electronic Steel Sausages', 'Expedita consequuntur sit excepturi corrupti enim voluptate est.', '1992', 'http://loremflickr.com/640/480', 'http://loremflickr.com/640/480', 'http://loremflickr.com/640/480', 'Rouge'),
(24, 'Oriental Metal Chips', 'Voluptate qui velit aut earum.', '1993', 'http://loremflickr.com/640/480', 'http://loremflickr.com/640/480', 'http://loremflickr.com/640/480', 'Rouge'),
(25, 'Ergonomic Metal Bike', 'Quasi quod totam qui aut est aut.', '1994', 'http://loremflickr.com/640/480', 'http://loremflickr.com/640/480', 'http://loremflickr.com/640/480', 'Rouge'),
(26, 'Electronic Bronze Gloves', 'Et ipsam cum id doloremque.', '1995', 'http://loremflickr.com/640/480', 'http://loremflickr.com/640/480', 'http://loremflickr.com/640/480', 'Rouge'),
(27, 'Practical Steel Fish', 'Illum porro enim aut.', '1996', 'http://loremflickr.com/640/480', 'http://loremflickr.com/640/480', 'http://loremflickr.com/640/480', 'Pétillants'),
(28, 'Handmade Plastic Towels', 'Laboriosam et facilis.', '1997', 'http://loremflickr.com/640/480', 'http://loremflickr.com/640/480', 'http://loremflickr.com/640/480', 'Pétillants'),
(29, 'Sleek Steel Keyboard', 'Voluptatem vel labore qui repellendus iure.', '1998', 'http://loremflickr.com/640/480', 'http://loremflickr.com/640/480', 'http://loremflickr.com/640/480', 'Pétillants'),
(30, 'Intelligent Frozen Car', 'Nobis laboriosam eius temporibus.', '1999', 'http://loremflickr.com/640/480', 'http://loremflickr.com/640/480', 'http://loremflickr.com/640/480', 'Pétillants'),
(31, 'Handmade Metal Chips', 'Iste amet vel.', '2000', 'http://loremflickr.com/640/480', 'http://loremflickr.com/640/480', 'http://loremflickr.com/640/480', 'Pétillants'),
(32, 'Rustic Plastic Keyboard', 'Placeat ut assumenda dolores nostrum mollitia nostrum ut et.', '2001', 'http://loremflickr.com/640/480', 'http://loremflickr.com/640/480', 'http://loremflickr.com/640/480', 'Pétillants'),
(33, 'Generic Metal Salad', 'Minima quis optio minima qui velit iste incidunt.', '2002', 'http://loremflickr.com/640/480', 'http://loremflickr.com/640/480', 'http://loremflickr.com/640/480', 'Pétillants'),
(34, 'Oriental Frozen Bike', 'Dignissimos eaque veniam tempora et.', '1981', 'http://loremflickr.com/640/480', 'http://loremflickr.com/640/480', 'http://loremflickr.com/640/480', 'Rosé'),
(35, 'Ergonomic Steel Shoes', 'Adipisci sed nihil inventore.', '1982', 'http://loremflickr.com/640/480', 'http://loremflickr.com/640/480', 'http://loremflickr.com/640/480', 'Rosé'),
(36, 'Fantastic Cotton Gloves', 'Rerum doloribus nobis autem doloribus non vitae.', '1983', 'http://loremflickr.com/640/480', 'http://loremflickr.com/640/480', 'http://loremflickr.com/640/480', 'Rosé'),
(37, 'Handmade Concrete Shoes', 'At repudiandae earum quisquam nihil aut cum maiores nihil dolor.', '1984', 'http://loremflickr.com/640/480', 'http://loremflickr.com/640/480', 'http://loremflickr.com/640/480', 'Rosé'),
(38, 'Ergonomic Frozen Ball', 'Hic aliquam eos quas beatae totam molestias quos quisquam nam.', '1985', 'http://loremflickr.com/640/480', 'http://loremflickr.com/640/480', 'http://loremflickr.com/640/480', 'Rosé'),
(39, 'Electronic Fresh Towels', 'Fuga aut nihil quod.', '1986', 'http://loremflickr.com/640/480', 'http://loremflickr.com/640/480', 'http://loremflickr.com/640/480', 'Rosé'),
(40, 'Tasty Granite Salad', 'Libero consequatur aut impedit libero dolores itaque soluta.', '1987', 'http://loremflickr.com/640/480', 'http://loremflickr.com/640/480', 'http://loremflickr.com/640/480', 'Digestifs'),
(41, 'Luxurious Concrete Bike', 'Deleniti tenetur quae.', '1988', 'http://loremflickr.com/640/480', 'http://loremflickr.com/640/480', 'http://loremflickr.com/640/480', 'Digestifs'),
(42, 'Handcrafted Steel Keyboard', 'Sequi eveniet ea mollitia quod velit.', '1989', 'http://loremflickr.com/640/480', 'http://loremflickr.com/640/480', 'http://loremflickr.com/640/480', 'Digestifs'),
(43, 'Recycled Rubber Salad', 'Tempore dicta reprehenderit.', '1990', 'http://loremflickr.com/640/480', 'http://loremflickr.com/640/480', 'http://loremflickr.com/640/480', 'Digestifs'),
(44, 'Practical Cotton Pizza', 'Ex eligendi soluta nihil.', '1991', 'http://loremflickr.com/640/480', 'http://loremflickr.com/640/480', 'http://loremflickr.com/640/480', 'Digestifs'),
(45, 'Recycled Granite Table', 'In quia iure ea enim dolores sunt sunt ut consequatur.', '1992', 'http://loremflickr.com/640/480', 'http://loremflickr.com/640/480', 'http://loremflickr.com/640/480', 'Digestifs'),
(46, 'Tasty Concrete Shoes', 'Ut minima aut et odio libero sapiente.', '1993', 'http://loremflickr.com/640/480', 'http://loremflickr.com/640/480', 'http://loremflickr.com/640/480', 'Digestifs'),
(47, 'Oriental Fresh Towels', 'Quo neque consequuntur sapiente deleniti ipsum et et commodi.', '1994', 'http://loremflickr.com/640/480', 'http://loremflickr.com/640/480', 'http://loremflickr.com/640/480', 'Digestifs'),
(48, 'Unbranded Plastic Fish', 'Velit inventore facere nihil.', '1995', 'http://loremflickr.com/640/480', 'http://loremflickr.com/640/480', 'http://loremflickr.com/640/480', 'Digestifs'),
(49, 'Fantastic Cotton Cheese', 'Ipsam molestiae similique aut occaecati velit accusantium qui.', '1996', 'http://loremflickr.com/640/480', 'http://loremflickr.com/640/480', 'http://loremflickr.com/640/480', 'Digestifs'),
(50, 'Oriental Steel Ball', 'Enim non sint et.', '1997', 'http://loremflickr.com/640/480', 'http://loremflickr.com/640/480', 'http://loremflickr.com/640/480', 'Digestifs'),
(51, 'Elegant Bronze Mouse', 'Eum magnam magnam dolorem et.', '1998', 'http://loremflickr.com/640/480', 'http://loremflickr.com/640/480', 'http://loremflickr.com/640/480', 'Digestifs'),
(52, 'Modern Cotton Chicken', 'Eaque rerum repellendus rerum ut tempora quasi.', '1999', 'http://loremflickr.com/640/480', 'http://loremflickr.com/640/480', 'http://loremflickr.com/640/480', 'Digestifs'),
(106, 'okeok', 'ouais', '2222', NULL, NULL, NULL, 'Rosé'),
(105, 'okeok', 'ouais', '2222', NULL, NULL, NULL, 'Rosé'),
(104, 'okeok', 'ouais', '2222', NULL, NULL, NULL, 'Rosé'),
(103, 'Troubidou', 'OKsTP', '1111', NULL, NULL, NULL, 'Rouge'),
(102, 'Troubadour1', 'Boumboum', '2000', NULL, NULL, NULL, 'Blanc'),
(101, 'Troubadour1', 'Boumboum', '2000', NULL, NULL, NULL, 'Blanc'),
(100, 'BlancCas', 'StpMarche', '1555', NULL, NULL, NULL, 'Rosé'),
(99, 'Troub', 'test', '1555', NULL, NULL, NULL, 'Rouge'),
(98, 'Troubadour1', 'Boumboum', '2000', NULL, NULL, NULL, 'Blanc'),
(97, 'Troubadour1', 'Boumboum', '2000', NULL, NULL, NULL, 'Blanc'),
(96, 'Troubadour', 'Boumboum', '2000', NULL, NULL, NULL, 'Blanc'),
(95, 'Troubadour', 'BoumBoum', '1890', NULL, NULL, NULL, 'Petillant'),
(84, 'DuBonVin', 'OhOuiOnVaSenMettrePleinLeGosier', '2022', NULL, NULL, NULL, 'Digestif'),
(85, 'DuBonVin', 'JsuisTropFort', '2021', NULL, NULL, NULL, 'Rosé'),
(110, 'testet', 'casseInventaire', '1970', NULL, NULL, NULL, 'Rouge');

-- --------------------------------------------------------

--
-- Structure de la table `detail_commande`
--

DROP TABLE IF EXISTS `detail_commande`;
CREATE TABLE IF NOT EXISTS `detail_commande` (
  `N_articles` int NOT NULL,
  `N_commandes` int NOT NULL,
  `Date_commande` date DEFAULT NULL,
  `Cout_livraison` int DEFAULT NULL,
  `Quantites` int DEFAULT NULL
) ENGINE=InnoDB DEFAULT CHARSET=latin1;

--
-- Déchargement des données de la table `detail_commande`
--

INSERT INTO `detail_commande` (`N_articles`, `N_commandes`, `Date_commande`, `Cout_livraison`, `Quantites`) VALUES
(38, 1, '2063-09-05', 39, 1),
(20, 2, '2004-02-15', 4, 2),
(27, 4, '2099-10-01', 97, 4),
(9, 5, '2072-05-25', 85, 5),
(16, 6, '2051-01-08', 8, 6),
(9, 7, '2058-10-25', 97, 7),
(34, 8, '2075-05-27', 38, 8),
(16, 9, '2047-02-06', 55, 9),
(5, 10, '2085-11-11', 94, 10),
(36, 11, '2049-01-29', 33, 11),
(6, 12, '2077-05-23', 65, 12),
(14, 13, '1998-05-21', 90, 13),
(11, 14, '2072-07-22', 61, 14),
(15, 15, '2052-11-08', 27, 15),
(35, 16, '2016-02-08', 28, 16),
(15, 17, '2014-08-18', 21, 17),
(24, 18, '2092-07-19', 34, 18),
(2, 19, '2002-07-16', 66, 19),
(29, 20, '2009-10-27', 84, 20),
(1, 21, '2033-01-28', 60, 21),
(13, 22, '2067-08-26', 14, 22),
(28, 23, '2076-03-10', 34, 23),
(22, 24, '2096-04-24', 30, 24),
(24, 25, '2006-01-19', 97, 25),
(8, 26, '2018-12-18', 10, 26),
(16, 27, '2031-02-07', 63, 27),
(17, 28, '2010-01-16', 7, 28),
(34, 29, '2086-02-18', 66, 29),
(24, 30, '2028-02-23', 25, 30),
(11, 31, '2077-04-11', 40, 31),
(36, 32, '2038-06-08', 45, 32),
(30, 33, '2085-07-28', 87, 33),
(4, 34, '2038-09-17', 17, 34),
(28, 35, '2021-08-22', 99, 35),
(11, 36, '2057-12-23', 28, 36),
(25, 37, '2087-05-19', 34, 37),
(11, 38, '2065-09-08', 66, 38),
(11, 39, '2023-01-27', 94, 39),
(35, 40, '2006-08-28', 43, 40),
(11, 41, '2033-10-10', 57, 41),
(28, 42, '2018-08-17', 93, 42),
(23, 43, '2069-02-03', 10, 43),
(29, 44, '2098-06-23', 10, 44),
(21, 45, '2052-02-08', 21, 45),
(17, 46, '2018-05-02', 59, 46),
(21, 47, '2006-07-10', 42, 47),
(34, 48, '1992-10-23', 81, 48),
(16, 49, '1998-11-05', 18, 49),
(22, 50, '2040-11-16', 87, 50),
(28, 51, '2052-09-17', 13, 51),
(7, 52, '2006-10-16', 14, 52),
(35, 53, '2027-01-22', 97, 53),
(28, 54, '2029-06-15', 58, 54),
(25, 55, '2060-09-23', 32, 55),
(13, 56, '2077-07-09', 62, 56),
(12, 57, '2072-06-14', 32, 57),
(10, 58, '2044-11-05', 9, 58),
(36, 59, '2040-12-17', 78, 59),
(6, 60, '2078-06-29', 5, 60),
(38, 61, '2044-03-19', 95, 61),
(12, 62, '2074-08-17', 69, 62),
(36, 63, '2094-02-03', 74, 63),
(9, 64, '2049-12-17', 59, 64),
(5, 65, '2010-08-03', 44, 65),
(6, 66, '2033-09-14', 10, 66),
(8, 67, '2032-06-27', 22, 67),
(38, 68, '2035-10-12', 4, 68),
(25, 69, '2034-12-08', 6, 69),
(9, 70, '2061-06-14', 74, 70),
(1, 71, '2006-01-07', 33, 71),
(6, 72, '2048-10-10', 82, 72),
(10, 73, '2072-10-05', 64, 73),
(34, 74, '2055-02-28', 73, 74),
(37, 75, '2037-10-22', 3, 75),
(26, 76, '2020-07-25', 1, 76),
(31, 77, '2004-04-26', 64, 77),
(1, 78, '2006-03-05', 58, 78),
(4, 79, '2083-08-14', 42, 79),
(16, 80, '2067-06-29', 83, 80),
(19, 81, '2014-11-06', 51, 81),
(8, 82, '2045-04-17', 51, 82),
(15, 83, '2041-02-18', 31, 83),
(27, 84, '2040-09-25', 86, 84),
(13, 85, '2054-04-28', 10, 85),
(11, 86, '2090-10-13', 70, 86),
(6, 87, '2071-09-30', 41, 87),
(38, 88, '2061-07-11', 51, 88),
(13, 89, '2020-08-06', 16, 89),
(2, 90, '2003-11-07', 26, 90),
(14, 91, '2038-03-31', 33, 91),
(14, 92, '2062-04-28', 56, 92),
(29, 93, '2018-08-21', 52, 93),
(27, 94, '2074-04-01', 63, 94),
(30, 95, '2024-08-11', 75, 95),
(39, 96, '2072-02-09', 49, 96),
(21, 97, '1999-04-27', 38, 97),
(19, 98, '2015-09-16', 31, 98),
(13, 99, '2096-05-26', 65, 99),
(35, 100, '2024-12-23', 89, 100),
(20, 1, '2023-05-08', 38, 2),
(51, 1, '2023-02-05', 50, 35),
(42, 1, '2023-02-05', 1500, 5),
(15, 1, '2023-02-06', 30000, 1),
(5, 1, '2023-02-06', 30, 3),
(5, 1, '2023-02-06', 30, 3),
(5, 1, '2023-02-06', 300, 30),
(3, 2, '2023-02-06', 150, 5),
(67, 120, '2023-02-07', 0, 20),
(68, 120, '2023-02-07', 0, 20),
(69, 120, '2023-02-07', 0, 20),
(67, 121, '2023-02-07', 0, -40),
(68, 121, '2023-02-07', 0, -40),
(69, 121, '2023-02-07', 0, -40),
(68, 122, '2023-02-07', 0, -30),
(68, 124, '2023-02-07', 0, -25),
(68, 118, '2023-02-07', -2500, -25),
(69, 119, '2023-02-08', -1000, -20),
(1, 120, '2023-02-08', -500, -10),
(4, 4, '2023-02-11', 70, 10),
(68, 4, '2023-02-11', 120, 20),
(67, 127, '2023-02-11', 60, 21),
(68, 128, '2023-02-11', 120, 5),
(68, 129, '2023-02-11', 120, 5),
(67, 130, '2023-02-11', 60, 2),
(14, 130, '2023-02-11', 12, 10),
(13, 131, '2023-02-11', 54, 10),
(15, 131, '2023-02-11', 9, 5),
(67, 132, '2023-02-11', -1150, -23),
(68, 132, '2023-02-11', -3000, -30),
(72, 133, '2023-02-11', -500, -10),
(38, 141, NULL, 10, 1),
(38, 141, '2023-02-12', 10, 1),
(38, 141, '2023-02-12', 10, 1),
(38, 141, '2023-02-12', 20, 10),
(38, 141, '2023-02-12', 10, 1),
(38, 141, '2023-02-12', 70, 10),
(38, 141, '2023-02-12', 87, 10),
(38, 141, '2023-02-12', 48, 10),
(38, 141, '2023-02-12', 13, 10),
(4, 144, '2023-02-12', 70, 2),
(3, 144, '2023-02-12', 87, 1),
(2, 144, '2023-02-12', 48, 1),
(23, 144, '2023-02-12', 13, 1),
(4, 145, '2023-02-12', 7, 2),
(3, 145, '2023-02-12', 9, 1),
(2, 145, '2023-02-12', 5, 1),
(23, 145, '2023-02-12', 5, 1),
(4, 146, '2023-02-12', 7, 2),
(3, 146, '2023-02-12', 9, 1),
(2, 146, '2023-02-12', 5, 1),
(23, 146, '2023-02-12', 5, 1),
(4, 147, '2023-02-12', 7, 2),
(3, 147, '2023-02-12', 9, 1),
(2, 147, '2023-02-12', 5, 1),
(23, 147, '2023-02-12', 5, 1),
(4, 148, '2023-02-12', 7, 2),
(3, 148, '2023-02-12', 9, 1),
(2, 148, '2023-02-12', 5, 1),
(23, 148, '2023-02-12', 5, 1),
(4, 149, '2023-02-12', 7, 2),
(3, 149, '2023-02-12', 9, 1),
(2, 149, '2023-02-12', 5, 1),
(23, 149, '2023-02-12', 5, 1),
(4, 150, '2023-02-12', 7, 2),
(3, 150, '2023-02-12', 9, 1),
(2, 150, '2023-02-12', 5, 1),
(23, 150, '2023-02-12', 5, 1),
(4, 151, '2023-02-12', 7, 2),
(3, 151, '2023-02-12', 9, 1),
(2, 151, '2023-02-12', 5, 1),
(23, 151, '2023-02-12', 5, 1),
(4, 152, '2023-02-12', 7, 2),
(3, 152, '2023-02-12', 9, 1),
(2, 152, '2023-02-12', 5, 1),
(23, 152, '2023-02-12', 5, 1),
(4, 153, '2023-02-12', 7, 2),
(3, 153, '2023-02-12', 9, 1),
(2, 153, '2023-02-12', 5, 1),
(23, 153, '2023-02-12', 5, 1),
(4, 154, '2023-02-12', 7, 2),
(3, 154, '2023-02-12', 9, 1),
(2, 154, '2023-02-12', 5, 1),
(23, 154, '2023-02-12', 5, 1),
(4, 155, '2023-02-12', 7, 2),
(3, 155, '2023-02-12', 9, 1),
(2, 155, '2023-02-12', 5, 1),
(23, 155, '2023-02-12', 5, 1),
(4, 156, '2023-02-12', 7, 2),
(3, 156, '2023-02-12', 9, 1),
(2, 156, '2023-02-12', 5, 1),
(23, 156, '2023-02-12', 5, 1),
(4, 157, '2023-02-12', 7, 2),
(3, 157, '2023-02-12', 9, 1),
(2, 157, '2023-02-12', 5, 1),
(23, 157, '2023-02-12', 5, 1),
(4, 158, '2023-02-12', 7, 2),
(3, 158, '2023-02-12', 9, 1),
(2, 158, '2023-02-12', 5, 1),
(23, 158, '2023-02-12', 5, 1),
(4, 159, '2023-02-12', 7, 2),
(3, 159, '2023-02-12', 9, 1),
(2, 159, '2023-02-12', 5, 1),
(23, 159, '2023-02-12', 5, 1),
(4, 160, '2023-02-12', 7, 2),
(3, 160, '2023-02-12', 9, 1),
(2, 160, '2023-02-12', 5, 1),
(23, 160, '2023-02-12', 5, 1),
(4, 161, '2023-02-12', 7, 2),
(3, 161, '2023-02-12', 9, 1),
(2, 161, '2023-02-12', 5, 1),
(23, 161, '2023-02-12', 5, 1),
(4, 162, '2023-02-12', 7, 2),
(3, 162, '2023-02-12', 9, 1),
(2, 162, '2023-02-12', 5, 1),
(23, 162, '2023-02-12', 5, 1),
(4, 163, '2023-02-12', 7, 2),
(3, 163, '2023-02-12', 9, 1),
(2, 163, '2023-02-12', 5, 1),
(23, 163, '2023-02-12', 5, 1),
(4, 164, '2023-02-12', 7, 2),
(3, 164, '2023-02-12', 9, 1),
(2, 164, '2023-02-12', 5, 1),
(23, 164, '2023-02-12', 5, 1),
(68, 166, '2023-02-12', 12, 1),
(33, 166, '2023-02-12', 5, 1),
(2, 168, '2023-02-12', 5, 1),
(3, 168, '2023-02-12', 9, 2),
(1, 172, '2023-02-12', 9, 1),
(4, 172, '2023-02-12', 7, 1),
(10, 178, '2023-02-14', 6, 1),
(18, 178, '2023-02-14', 10, 1),
(1, 179, '2023-02-14', 9, 2),
(2, 179, '2023-02-14', 5, 3),
(3, 179, '2023-02-14', 9, 3),
(7, 179, '2023-02-14', 5, 1),
(4, 179, '2023-02-14', 7, 1),
(3, 180, '2023-02-14', 5, 40),
(3, 181, '2023-02-14', 9, 1),
(19, 182, '2023-02-15', 8, 3);

-- --------------------------------------------------------

--
-- Structure de la table `fournisseur`
--

DROP TABLE IF EXISTS `fournisseur`;
CREATE TABLE IF NOT EXISTS `fournisseur` (
  `N_fournisseur` int NOT NULL,
  `Nom_societe` varchar(25) DEFAULT NULL,
  `N_siret` varchar(50) DEFAULT NULL,
  `Iban` varchar(50) DEFAULT NULL,
  `Adresse` varchar(120) DEFAULT NULL,
  PRIMARY KEY (`N_fournisseur`),
  KEY `idxN_fournisseur` (`N_fournisseur`)
) ENGINE=MyISAM DEFAULT CHARSET=utf8mb3;

--
-- Déchargement des données de la table `fournisseur`
--

INSERT INTO `fournisseur` (`N_fournisseur`, `Nom_societe`, `N_siret`, `Iban`, `Adresse`) VALUES
(1, 'Vignoble Fontan et Uby', '00668244-713', 'FI4245300502707056', 'string adresse 1'),
(2, 'Joy', '79161140-0061', 'RS15319148005093084856', 'string adresse 2'),
(3, 'Pelleheaut', '74803797-8090', 'LB343601V4W34912600Q3HU2E532', 'string adresse 3'),
(4, 'Les domaines de Tariquet', '30802815-1978', 'DO03DLLT80900200230549106358', 'string adresse 4');

-- --------------------------------------------------------

--
-- Structure de la table `stock`
--

DROP TABLE IF EXISTS `stock`;
CREATE TABLE IF NOT EXISTS `stock` (
  `N_emplacement` int NOT NULL AUTO_INCREMENT,
  `Quantites_stock` int DEFAULT NULL,
  `N_article` int DEFAULT NULL,
  `Seuil_minimum` int DEFAULT NULL,
  `Renouvellement_automatique` varchar(50) DEFAULT NULL,
  `N_utilisateurs` int NOT NULL,
  PRIMARY KEY (`N_emplacement`),
  KEY `N_utilisateurs` (`N_utilisateurs`),
  KEY `idxN_emplacement` (`N_emplacement`)
) ENGINE=MyISAM AUTO_INCREMENT=85 DEFAULT CHARSET=utf8mb3;

--
-- Déchargement des données de la table `stock`
--

INSERT INTO `stock` (`N_emplacement`, `Quantites_stock`, `N_article`, `Seuil_minimum`, `Renouvellement_automatique`, `N_utilisateurs`) VALUES
(2, 75, 2, 1, 'false', 2),
(1, 7, 1, 14, 'true', 1),
(3, -19, 3, 1, 'false', 3),
(4, 13, 4, 1, 'false', 4),
(5, -19, 5, 1, 'false', 5),
(6, 53, 6, 1, 'false', 6),
(7, 42, 7, 1, 'false', 7),
(8, 12, 8, 1, 'false', 8),
(9, 75, 9, 1, 'false', 9),
(10, 49, 10, 1, 'false', 10),
(11, 53, 11, 1, 'false', 11),
(12, 7, 12, 1, 'false', 12),
(13, 3, 13, 1, 'false', 13),
(14, 27, 14, 1, 'false', 14),
(15, 93, 15, 1, 'false', 15),
(16, 18, 16, 1, 'false', 16),
(17, 5, 17, 1, 'false', 17),
(18, 21, 18, 1, 'true', 18),
(19, 27, 19, 1, 'true', 19),
(20, 51, 20, 1, 'true', 20),
(21, 58, 21, 1, 'true', 21),
(22, 65, 22, 1, 'true', 22),
(23, 39, 23, 1, 'true', 23),
(24, 75, 24, 1, 'true', 24),
(25, 71, 25, 1, 'true', 25),
(26, 31, 26, 1, 'true', 26),
(27, 85, 27, 1, 'true', 27),
(28, 98, 28, 1, 'true', 28),
(29, 51, 29, 1, 'true', 29),
(30, 93, 30, 1, 'true', 30),
(31, 3, 31, 1, 'true', 31),
(32, 93, 32, 1, 'true', 32),
(33, 9, 33, 1, 'true', 33),
(34, 8, 34, 1, 'true', 34),
(35, 95, 35, 1, 'true', 35),
(36, 36, 36, 1, 'true', 36),
(37, 4, 37, 1, 'true', 37),
(38, 41, 38, 1, 'true', 38),
(39, 29, 39, 1, 'true', 39),
(40, 35, 40, 1, 'true', 40),
(41, 51, 41, 1, 'true', 41),
(42, 40, 42, 1, 'true', 42),
(43, 72, 43, 1, 'true', 43),
(44, 16, 44, 1, 'true', 44),
(45, 58, 45, 1, 'true', 45),
(46, 79, 46, 1, 'true', 46),
(47, 15, 47, 1, 'true', 47),
(48, 36, 48, 1, 'true', 48),
(49, 38, 49, 1, 'true', 49),
(50, 57, 50, 1, 'true', 50),
(51, 43, 51, 1, 'true', 51),
(52, 10, 52, 1, 'true', 52),
(80, 19, 68, 0, 'true', 5),
(79, 0, 0, 0, 'true', 5),
(78, 0, 0, 0, 'true', 5),
(77, 0, 0, 0, 'true', 5),
(76, 10, 67, 0, 'true', 5),
(75, 0, 0, 0, 'true', 5),
(74, 0, 0, 0, 'true', 5),
(73, 0, 0, 0, 'true', 5),
(72, 0, 0, 0, 'true', 5),
(71, 0, 0, 0, 'true', 5),
(70, 0, 0, 0, 'true', 5),
(69, 0, 0, 0, 'true', 5),
(84, 10, 72, 0, 'true', 5);

-- --------------------------------------------------------

--
-- Structure de la table `utilisateur`
--

DROP TABLE IF EXISTS `utilisateur`;
CREATE TABLE IF NOT EXISTS `utilisateur` (
  `N_utilisateurs` int NOT NULL AUTO_INCREMENT,
  `Nom` varchar(25) DEFAULT NULL,
  `Prenom` varchar(25) DEFAULT NULL,
  `Mail` varchar(100) DEFAULT NULL,
  `Mots_de_passe` varchar(50) DEFAULT NULL,
  `Role` varchar(25) DEFAULT NULL,
  PRIMARY KEY (`N_utilisateurs`)
) ENGINE=MyISAM AUTO_INCREMENT=50 DEFAULT CHARSET=utf8mb3;

--
-- Déchargement des données de la table `utilisateur`
--

INSERT INTO `utilisateur` (`N_utilisateurs`, `Nom`, `Prenom`, `Mail`, `Mots_de_passe`, `Role`) VALUES
(1, 'Bailey', 'Beautifull', 'Bailey@yahoo.com', 'root', 'Employe'),
(2, 'Linnie', 'Brakus', 'Wallace1@hotmail.com', 'qGXsNU_LFzjTaqH', 'Employe'),
(3, 'Rylan', 'Deckow', 'Sedrick37@yahoo.com', '0Lnp36cwBLok8FW', 'Employe'),
(46, 'hadqzdck', 'hdqzrt', 'auqzdqzdom@youtube.fr', 'mdpddqzdnnee2j', 'utilisateur'),
(45, 'hadqzdck', 'hdqzrt', 'auqzdqzdom@youtube.fr', 'mdpddqzdnnee2j', 'utilisateur'),
(7, 'harry', 'potter', 'harry@potter.hogwarts', 'alohomora', 'sorcier'),
(8, 'quentin', 'nom de famille', 'nom@famille.fr', 'thisisatest', 'user'),
(9, 'hermione', 'granger', 'nom@famille.fr', 'thisisatest', 'user'),
(39, 'feg', 'reg', 'regregre', 're', 'Consultant'),
(48, 'thisisatest', 'aloha', 'hello@coucou.fr', 'mdp', 'Employe'),
(19, 'hadqzdck', 'hdqzrt', 'auqzdqzdom@youtube.fr', 'mdpddqzdnnee2j', 'utilisateur'),
(20, 'Lanso', 'David', 'dava@orange.fr', 'mdp', 'Administrateur'),
(34, 'fezfez', 'fez', 'fezfe', 'ezfez', 'Administrateur'),
(35, 'fegez', 'ge', 'ezgegez', 'gez', 'Employe'),
(36, 'Bg', 'du75', 'ouaismagueule@camarche', 'WaouhhhhhCamarche', 'Administrateur'),
(47, 'hadqzdck', 'hdqzrt', 'auqzdqzdom@youtube.fr', 'mdpddqzdnnee2j', 'utilisateur'),
(49, 'David', 'Lansonneur', 'cesi@ok.fr', 'root', 'Consultant');
COMMIT;

/*!40101 SET CHARACTER_SET_CLIENT=@OLD_CHARACTER_SET_CLIENT */;
/*!40101 SET CHARACTER_SET_RESULTS=@OLD_CHARACTER_SET_RESULTS */;
/*!40101 SET COLLATION_CONNECTION=@OLD_COLLATION_CONNECTION */;
